region,box,meanAbsDiff,rmsDiff,changedPixelRatio30,pixelCorrelation
full,"[0,0,1680,720]",0.209078,0.293563,0.70151,0.424216
center_hero_background,"[360,40,1180,690]",0.184641,0.27079,0.61333,0.475187
bottom_nav,"[0,575,1680,720]",0.190902,0.270251,0.68305,0.395621
right_icon_chat,"[880,60,1680,560]",0.218707,0.301547,0.715093,0.414567
click_blocker_ui_bg_touch,"[0,0,1680,720]",0.209078,0.293563,0.70151,0.424216
click_blocker_btn_discord,"[1180,95,1580,640]",0.208914,0.291903,0.716693,0.493905
