bundle,component_path_id,game_object_id,game_object_name,script_id,content,viewport,horizontal,vertical,movement_type,elasticity,inertia
download/ui/uiprefabandres/maininterface.assetbundle,-5021414110673016939,-5506068946264172887,huodong3,-8826248144273319766,-2208969483977481988,4940853044098671873,1,0,1,0.10000000149011612,1
download/ui/uiprefabandres/maininterface.assetbundle,-2781397509352703683,-2703548772109613229,ScrollViewActBanner,-8826248144273319766,-3416026092217416707,-5551774702119383430,1,0,1,0.10000000149011612,1
download/ui/uiprefabandres/maininterface.assetbundle,1651038172241843451,9175853281445361144,liaotian,-8826248144273319766,-2026137088678169135,-5811453999897481428,0,1,1,0.10000000149011612,1
