region,meanAbsDiff,rmsDiff,changedPixelRatio30,pixelCorrelation,boxNorm
full,0.265278,0.343341,0.860502,0.188564,"0.0,0.0,1.0,1.0"
top_bar,0.291487,0.380424,0.875696,0.110685,"0.0,0.0,1.0,0.18"
left_lobby,0.270011,0.347993,0.880997,0.162509,"0.0,0.12,0.35,0.92"
center_hero,0.256085,0.3327,0.853481,0.18055,"0.18,0.0,0.72,0.92"
right_cluster,0.266764,0.345988,0.832856,0.149644,"0.68,0.1,1.0,0.92"
bottom_nav,0.281403,0.350866,0.910804,0.061431,"0.0,0.76,1.0,1.0"
